<?xml version="1.0" encoding="UTF-8" standalone="yes"?>
<addon id="repository.jedigee" name="JediGee Repo" version="0.0.1" provider-name="JediGee">
	<extension point="xbmc.addon.repository" name="JediGee Repo">
		<dir>
			<info compressed="false">https://raw.githubusercontent.com/totalrevolution/python-koding/master/zips/addons.xml</info>
			<checksum>https://raw.githubusercontent.com/totalrevolution/python-koding/master/zips/addons.xml.md5</checksum>
			<datadir zip="true">https://raw.githubusercontent.com/totalrevolution/python-koding/master/zips/</datadir>
		</dir>
		<info compressed="false">https://raw.githubusercontent.com/JediGee/repository.jedigee/master/zips/addons.xml</info>
		<checksum>https://raw.githubusercontent.com/JediGee/repository.jedigee/master/zips/addons.xml.md5</checksum>
		<datadir zip="true">https://raw.githubusercontent.com/JediGee/repository.jedigee/master/zips/</datadir>
	</extension>
	<extension point="xbmc.addon.metadata">
		<summary lang="en">Personal Backup</summary>
		<description lang="en">Personal Repo</description>
		<genre>downloads,wizard</genre>
	</extension>
</addon>