<?xml version="1.0" encoding="UTF-8" standalone="yes"?>
<addon id="plugin.video.jedigee" name="jedigee" version="1.2" provider-name="https://www.dropbox.com/sh/6rb2572dael3b3e/AAAphTmD7pdsaPEDdN-u7l3fa?dl=1">
  <requires>
    <import addon="xbmc.python" version="2.1.0"/>
  </requires>
  <extension point="xbmc.python.pluginsource" library="default.py">
        <provides>video executable</provides>
  </extension>
  <extension point="xbmc.addon.metadata">
    <summary lang="en">jedigee Wizard</summary>
    <description lang="en">Jedi Build 1.2</description>
    <platform>all</platform>
  </extension>
</addon>
